country,happiness_rank,happiness_score,upper_confidence_interval,lower_confidence_interval,social_support,healthy_life_expectancy,freedom_to_make_life_choices,generosity,perceptions_of_corruption,dystopia_residual,logged_gdp_per_capita,region
Norway,1.0,7.53700017929077,7.59444482058287,7.47955553799868,1.53352355957031,61.56638734817508,0.635422587394714,0.36201223731041,0.315963834524155,2.27702665328979,7.388614265285539,Western Europe
Denmark,2.0,7.52199983596802,7.58172806486487,7.46227160707116,1.55112159252167,61.24946373939511,0.626006722450256,0.355280488729477,0.40077006816864,2.31370735168457,7.302080577687481,Western Europe
Iceland,3.0,7.50400018692017,7.62203047305346,7.38596990078688,1.6105740070343,64.41690799713136,0.627162635326385,0.475540220737457,0.153526559472084,2.32271528244019,7.300900150631279,Western Europe
Switzerland,4.0,7.49399995803833,7.56177242040634,7.42622749567032,1.51691174507141,66.316386051178,0.620070576667786,0.290549278259277,0.367007285356522,2.2767162322998,7.356266819774999,Western Europe
Finland,5.0,7.4689998626709,7.52754207581282,7.41045764952898,1.5402467250824,62.53170470237732,0.617950856685638,0.24548277258873,0.38261154294014,2.4301815032959,7.275568311095397,Western Europe
Netherlands,6.0,7.3769998550415,7.42742584124207,7.32657386884093,1.42893922328949,62.650596542358436,0.585384488105774,0.470489829778671,0.282661825418472,2.29480409622192,7.316511389390858,Western Europe
Canada,7.0,7.31599998474121,7.38440283536911,7.24759713411331,1.48134899139404,64.49461538314821,0.611100912094116,0.435539722442627,0.287371516227722,2.18726444244385,7.299935476325339,North America and ANZ
New Zealand,8.0,7.31400012969971,7.3795104418695,7.24848981752992,1.54819512367249,63.11919004440307,0.614062130451202,0.500005125999451,0.382816702127457,2.0464563369751,7.249006114186966,North America and ANZ
Sweden,9.0,7.28399991989136,7.34409487739205,7.22390496239066,1.47816216945648,64.21003223419193,0.612924098968506,0.385399252176285,0.384398728609085,2.09753799438477,7.310140495101784,Western Europe
Australia,10.0,7.28399991989136,7.35665122494102,7.2113486148417,1.51004195213318,65.21557133674625,0.601607382297516,0.477699249982834,0.301183730363846,2.06521081924438,7.303449429790816,North America and ANZ
Israel,11.0,7.21299982070923,7.27985325649381,7.14614638492465,1.37628996372223,64.79186110496518,0.405988603830338,0.330082654953003,0.0852421000599861,2.80175733566284,7.227213903862771,Middle East and North Africa
Costa Rica,12.0,7.0789999961853,7.16811166629195,6.98988832607865,1.41640365123749,58.69487603187561,0.580131649971008,0.214613229036331,0.100106589496136,2.89863920211792,7.012751382604056,Latin America and Caribbean
Austria,13.0,7.00600004196167,7.07066981211305,6.94133027181029,1.4599449634552,63.00858023643497,0.567766189575195,0.316472321748734,0.221060365438461,2.1385064125061,7.305253578402111,Western Europe
United States,14.0,6.99300003051758,7.07465674757957,6.91134331345558,1.41992056369781,59.83687059402464,0.505740523338318,0.392578780651093,0.135638788342476,2.2181134223938,7.344240440937207,North America and ANZ
Ireland,15.0,6.97700023651123,7.04335166752338,6.91064880549908,1.55823111534119,62.58000120162965,0.573110342025757,0.42785832285881,0.29838815331459,1.77386903762817,7.337396859537318,Western Europe
Germany,16.0,6.95100021362305,7.00538156926632,6.89661885797977,1.47252035140991,61.74291254997254,0.562511384487152,0.336269170045853,0.276731938123703,2.01576995849609,7.305808576499698,Western Europe
Belgium,17.0,6.89099979400635,6.95582075044513,6.82617883756757,1.46231269836426,63.22213966369629,0.539770722389221,0.231503337621689,0.251343131065369,2.12421035766602,7.289460858897392,Western Europe
Luxembourg,18.0,6.86299991607666,6.92368609987199,6.80231373228133,1.45758366584778,65.30851618766782,0.59662789106369,0.283180981874466,0.31883442401886,1.61951208114624,7.463330685727131,Western Europe
United Kingdom,19.0,6.71400022506714,6.78379176110029,6.64420868903399,1.49646008014679,62.23636136054989,0.508190035820007,0.492774158716202,0.265428066253662,1.70414352416992,7.274225846579901,Western Europe
Chile,20.0,6.65199995040894,6.73925056010485,6.56474934071302,1.28402495384216,63.329391517639145,0.376895278692245,0.326662421226501,0.0822879821062088,2.50958585739136,7.133921943915768,Latin America and Caribbean
United Arab Emirates,21.0,6.64799976348877,6.72204730376601,6.57395222321153,1.26641023159027,56.166967706680325,0.60834527015686,0.3609419465065,0.324489563703537,1.734703540802,7.394704129502945,Middle East and North Africa
Brazil,22.0,6.63500022888184,6.72546950161457,6.5445309561491,1.43130600452423,47.6471658325195,0.437453746795654,0.16234989464283,0.111092761158943,2.76926708221436,7.010630598500926,Latin America and Caribbean
Czechia,23.0,6.60900020599365,6.68386246263981,6.5341379493475,1.43388521671295,58.30343255996708,0.490946173667908,0.0881067588925362,0.0368729270994663,2.45186185836792,7.210583826293611,Central and Eastern Europe
Argentina,24.0,6.59899997711182,6.69008508607745,6.50791486814618,1.44045114517212,53.720193815231326,0.494519203901291,0.109457060694695,0.059739887714386,2.61400532722473,7.078590673833257,Latin America and Caribbean
Mexico,25.0,6.57800006866455,6.67114890769124,6.48485122963786,1.210862159729,54.867176942825324,0.412730008363724,0.120990432798862,0.132774114608765,2.83715486526489,7.05114872195978,Latin America and Caribbean
Singapore,26.0,6.57200002670288,6.63672306910157,6.50727698430419,1.35381436347961,73.3767722797394,0.549840569496155,0.345965981483459,0.46430778503418,1.21636199951172,7.434421379261729,Southeast Asia
Malta,27.0,6.52699995040894,6.59839677289128,6.45560312792659,1.48841166496277,63.519850616455074,0.588767051696777,0.574730575084686,0.153066068887711,1.55686283111572,7.203613712625513,Western Europe
Uruguay,28.0,6.4539999961853,6.54590621769428,6.36209377467632,1.41222786903381,55.581076126098644,0.57939225435257,0.175096929073334,0.178061872720718,2.17240953445435,7.105424862627534,Latin America and Caribbean
Guatemala,29.0,6.4539999961853,6.56687397271395,6.34112601965666,1.25558519363403,41.749746408462535,0.531310617923737,0.283488392829895,0.0772232785820961,2.89389109611511,6.771937784900627,Latin America and Caribbean
Panama,30.0,6.4520001411438,6.55713071614504,6.34686956614256,1.37319254875183,54.571746082305935,0.550026834011078,0.21055693924427,0.070983923971653,2.30719995498657,7.118622532745803,Latin America and Caribbean
France,31.0,6.44199991226196,6.51576780244708,6.36823202207685,1.38777685165405,65.26032102584836,0.470222115516663,0.129762306809425,0.172502428293228,2.00595474243164,7.266773897708139,Western Europe
Thailand,32.0,6.42399978637695,6.50911685571074,6.33888271704316,1.42579245567322,50.018632192611676,0.580200731754303,0.572123110294342,0.0316127352416515,2.03950834274292,7.028971323162797,Southeast Asia
Taiwan Province of China,33.0,6.42199993133545,6.49459602192044,6.34940384075046,1.38456535339355,61.359101629257175,0.361466586589813,0.258360475301743,0.0638292357325554,2.1266074180603,7.268659838261745,East Asia
Spain,34.0,6.40299987792969,6.4710548453033,6.33494491055608,1.53209090232849,68.69887516021728,0.408781230449677,0.190133571624756,0.0709140971302986,1.92775774002075,7.233742644041005,Western Europe
Qatar,35.0,6.375,6.56847681432962,6.18152318567038,1.27429687976837,54.87638022422789,0.604130983352661,0.330473870038986,0.439299255609512,1.1454644203186,7.534637481487144,
Colombia,36.0,6.35699987411499,6.45202005416155,6.26197969406843,1.4021829366684,45.983757934570285,0.477487415075302,0.149014472961426,0.0466687418520451,2.61606812477112,6.97692897073409,Latin America and Caribbean
Saudi Arabia,37.0,6.3439998626709,6.44416661202908,6.24383311331272,1.28667759895325,45.6066629219055,0.449750572443008,0.147616013884544,0.27343225479126,2.0654296875,7.334083598946492,Middle East and North Africa
Trinidad and Tobago,38.0,6.16800022125244,6.38153389066458,5.95446655184031,1.3802285194397,40.1843087768555,0.518630743026733,0.325296461582184,0.0089648161083459,2.05324745178223,7.216970760037509,
Kuwait,39.0,6.10500001907349,6.1919569888711,6.01804304927588,1.25969874858856,48.84912912368771,0.496337592601776,0.228289797902107,0.215159550309181,1.64042520523071,7.398757175673379,Middle East and North Africa
Slovakia,40.0,6.09800004959106,6.1773484121263,6.01865168705583,1.50505924224854,55.079999370574924,0.295817464590073,0.136544480919838,0.0242108516395092,2.09777665138245,7.190218927273728,Central and Eastern Europe
Bahrain,41.0,6.08699989318848,6.17898906782269,5.99501071855426,1.32311046123505,50.47412092208864,0.536746919155121,0.172668486833572,0.257042169570923,1.65614938735962,7.306136865422881,Middle East and North Africa
Malaysia,42.0,6.08400011062622,6.17997963652015,5.98802058473229,1.28464603424072,47.81966056823729,0.402264982461929,0.416608929634094,0.0656007081270218,2.00444889068604,7.164113404011613,Southeast Asia
Nicaragua,43.0,6.07100009918213,6.18658360034227,5.95541659802198,1.28721570968628,50.47125583648678,0.447551846504211,0.301674216985703,0.130687981843948,2.51393055915833,6.604349167739577,Latin America and Caribbean
Ecuador,44.0,6.00799989700317,6.10584767535329,5.91015211865306,1.28616881370544,52.98596726417539,0.4551981985569,0.150112465023994,0.140134647488594,2.29035258293152,6.909574022395887,Latin America and Caribbean
El Salvador,45.0,6.00299978256226,6.108635122329,5.89736444279552,1.18212509155273,46.06031375885007,0.432452529668808,0.0782579854130745,0.0899809598922729,2.7145938873291,6.814306311460746,Latin America and Caribbean
Poland,46.0,5.97300004959106,6.05390834122896,5.89209175795317,1.44571197032928,54.05545489311218,0.520342111587524,0.158465966582298,0.0593078061938286,1.79772281646729,7.164556299401063,Central and Eastern Europe
Uzbekistan,47.0,5.97100019454956,6.06553757295012,5.876462816149,1.54896914958954,38.506508660316484,0.658248662948608,0.415983647108078,0.246528223156929,1.81691360473633,6.668788558660521,Commonwealth of Independent States
Italy,48.0,5.96400022506714,6.04273690596223,5.88526354417205,1.44492328166962,65.9309951877594,0.256450712680817,0.17278964817524,0.0280280914157629,1.81331205368042,7.24141400347264,Western Europe
Russia,49.0,5.96299982070923,6.03027490749955,5.89572473391891,1.46928238868713,42.29915651321414,0.373783111572266,0.0522638224065304,0.0329628810286522,2.20560741424561,7.156783393423709,Commonwealth of Independent States
Belize,50.0,5.95599985122681,6.19724231779575,5.71475738465786,1.08141779899597,34.79081967830659,0.547509372234344,0.240015640854836,0.0965810716152191,2.63195562362671,6.812317938745702,
Japan,51.0,5.92000007629395,5.99071944460273,5.84928070798516,1.43633782863617,70.59341531753543,0.505625545978546,0.12057276815176,0.163760736584663,1.36322355270386,7.256942887460143,East Asia
Lithuania,52.0,5.90199995040894,5.98266964137554,5.82133025944233,1.47351610660553,48.60525137901303,0.234231784939766,0.010164656676352,0.0118656428530812,2.22844052314758,7.18203469667386,Central and Eastern Europe
Algeria,53.0,5.87200021743774,5.97828643366694,5.76571400120854,1.1462174654007,47.72694142341611,0.233335807919502,0.0694366469979286,0.146096110343933,2.56760382652283,6.996557479268337,Middle East and North Africa
Latvia,54.0,5.84999990463257,5.92026353821158,5.77973627105355,1.40471494197845,49.34845550537107,0.325707912445068,0.153074786067009,0.0738427266478539,1.99365520477295,7.140253835306277,Central and Eastern Europe
South Korea,55.0,5.83799982070923,5.92255902826786,5.7534406131506,1.12827444076538,69.56854379653929,0.257921665906906,0.206674367189407,0.0632826685905457,1.88037800788879,7.24613886135703,East Asia
Moldova,56.0,5.83799982070923,5.90837083846331,5.76762880295515,1.25182557106018,45.55387072563168,0.240729048848152,0.208779126405716,0.0100912861526012,2.80780839920044,6.5928672996212745,Commonwealth of Independent States
Romania,57.0,5.82499980926514,5.91969415679574,5.73030546173453,1.15009129047394,52.94903437614439,0.457003742456436,0.133519917726517,0.00438790069893,2.17683148384094,7.105526794235423,Central and Eastern Europe
Bolivia,58.0,5.82299995422363,5.9039769025147,5.74202300593257,1.22761905193329,36.60214568138125,0.558732926845551,0.22556072473526,0.0604777261614799,2.44327902793884,6.727140144678025,Latin America and Caribbean
Turkmenistan,59.0,5.82200002670288,5.88518087550998,5.75881917789578,1.49314916133881,33.827471494674676,0.41827192902565,0.24992498755455,0.259270340204239,1.83290982246399,7.031544033451838,Commonwealth of Independent States
Kazakhstan,60.0,5.81899976730347,5.90364177465439,5.73435775995255,1.38436901569366,46.834891033172646,0.437454283237457,0.201964423060417,0.119282886385918,1.78489255905151,7.158946798323363,Commonwealth of Independent States
Northern Cyprus,61.0,5.80999994277954,5.89736646488309,5.72263342067599,1.18630337715149,64.50153857231139,0.471203625202179,0.266845703125,0.155353352427483,1.54915761947632,7.206311496392076,Western Europe
Slovenia,62.0,5.75799989700317,5.84222516000271,5.67377463400364,1.45251882076263,61.11520545959471,0.572575807571411,0.242649093270302,0.0451289787888527,1.31331729888916,7.202069774125936,Central and Eastern Europe
Peru,63.0,5.71500015258789,5.81194677859545,5.61805352658033,1.21877038478851,48.69923724174496,0.450002878904343,0.126819714903831,0.0470490865409374,2.20726943016052,6.9433398433697535,Latin America and Caribbean
Mauritius,64.0,5.62900018692017,5.72986219167709,5.52813818216324,1.20956099033356,49.30521666526797,0.491247326135635,0.360933750867844,0.0421815551817417,1.6975839138031,7.082040923239464,Sub-Saharan Africa
Cyprus,65.0,5.62099981307983,5.71469269931316,5.5273069268465,1.13136327266693,65.27955210685732,0.355111539363861,0.271254301071167,0.0412379764020443,1.62124919891357,7.212986026496676,Western Europe
Estonia,66.0,5.61100006103516,5.68813987419009,5.53386024788022,1.47667109966278,53.72260748863218,0.479131430387497,0.0988908112049103,0.183248922228813,1.35750865936279,7.186809745574357,Central and Eastern Europe
Belarus,67.0,5.56899976730347,5.64611424401402,5.49188529059291,1.44494521617889,49.28255853652958,0.295400261878967,0.15513750910759,0.156313821673393,1.72323298454285,7.054067512557297,Commonwealth of Independent States
Libya,68.0,5.52500009536743,5.67695380687714,5.37304638385773,1.35756433010101,40.19866184234622,0.465733230113983,0.152073666453362,0.0926102101802826,1.83501124382019,7.005610457842108,Middle East and North Africa
Turkiye,69.0,5.5,5.59486496329308,5.40513503670692,1.33775317668915,49.27416134834289,0.300740599632263,0.0466930419206619,0.0996715798974037,1.87927794456482,7.089471964551855,Middle East and North Africa
Paraguay,70.0,5.49300003051758,5.57738126963377,5.40861879140139,1.50728487968445,44.7644935798645,0.473507791757584,0.224150657653809,0.091065913438797,1.6853334903717,6.8389809378399775,Latin America and Caribbean
Hong Kong S.A.R. of China,71.0,5.47200012207031,5.54959417313337,5.39440607100725,1.26279091835022,72.87986417770387,0.490968644618988,0.374465793371201,0.293933749198914,0.554633140563965,7.347734427649691,East Asia
Philippines,72.0,5.42999982833862,5.54533505424857,5.31466460242867,1.25391757488251,36.16773974418639,0.585214674472809,0.193513423204422,0.0993318930268288,1.97260475158691,6.755418703985393,Southeast Asia
Serbia,73.0,5.39499998092651,5.49156965613365,5.29843030571938,1.25818979740143,50.29263939857482,0.208715528249741,0.220125883817673,0.0409037806093693,1.94708442687988,6.975710686474161,Central and Eastern Europe
Jordan,74.0,5.33599996566772,5.44841002240777,5.22358990892768,1.23908889293671,46.722719707489,0.418421149253845,0.172170460224152,0.11980327218771,1.79117655754089,6.899735601590138,Middle East and North Africa
Hungary,75.0,5.32399988174438,5.40303970918059,5.24496005430818,1.34313309192657,53.15035961151121,0.175863519310951,0.0784016624093056,0.0366369374096394,1.71645927429199,7.160078480498277,Central and Eastern Europe
Jamaica,76.0,5.31099987030029,5.58139872848988,5.04060101211071,1.36821806430817,49.538209848403966,0.474307239055634,0.233818337321281,0.0552677810192108,1.61232566833496,6.831499643209715,Latin America and Caribbean
Croatia,77.0,5.29300022125244,5.39177720457315,5.19422323793173,0.96798300743103,54.19557692527768,0.255772292613983,0.248002976179123,0.0431031100451946,1.85449242591858,7.109516842926727,Central and Eastern Europe
Kosovo,78.0,5.27899980545044,5.36484799548984,5.19315161541104,1.13785350322723,41.843414440154994,0.260287940502167,0.319931447505951,0.0574716180562973,2.01054072380066,6.8590737101762,Central and Eastern Europe
China,79.0,5.27299976348877,5.31927808977663,5.2267214372009,1.16083741188049,57.29658988952636,0.472787708044052,0.0288068410009146,0.0227942746132612,1.76493859291077,6.986719673692419,East Asia
Pakistan,80.0,5.26900005340576,5.35998364135623,5.17801646545529,0.672690689563751,31.07025268077852,0.23521526157856,0.315446019172668,0.124348066747189,2.79248929023743,6.590141049981115,South Asia
Indonesia,81.0,5.26200008392334,5.35288859814405,5.17111156970263,1.27444469928741,38.04847728252409,0.443323463201523,0.611704587936401,0.0153171354904771,1.42947697639465,6.904287866789108,Southeast Asia
Venezuela,82.0,5.25,5.3700319455564,5.1299680544436,1.43133759498596,47.69290586471557,0.153997123241425,0.0650196298956871,0.0644911229610443,1.78946375846863,7.029469423013631,Latin America and Caribbean
Montenegro,83.0,5.23699998855591,5.34104444056749,5.13295553654432,1.23837649822235,51.58166996955875,0.194989055395126,0.197911024093628,0.0881741940975189,1.72919154167175,7.022983084772811,Central and Eastern Europe
Morocco,84.0,5.2350001335144,5.31834096476436,5.15165930226445,0.774864435195923,46.19108050346375,0.408158332109451,0.0322099551558495,0.0877631828188896,2.45618939399719,6.778915243123963,Middle East and North Africa
Azerbaijan,85.0,5.23400020599365,5.29928653523326,5.16871387675405,1.15240025520325,41.79115196228029,0.398155838251114,0.0452693402767181,0.180987507104874,1.76248168945312,7.051510771841523,Commonwealth of Independent States
Dominican Republic,86.0,5.23000001907349,5.34906088516116,5.11093915298581,1.40241670608521,44.42624304771425,0.55258983373642,0.186967849731445,0.113945253193378,1.31946516036987,6.985062405147386,Latin America and Caribbean
Greece,87.0,5.22700023651123,5.3252461694181,5.12875430360436,1.23941457271576,62.61217123031614,0.0957312509417534,0.0,0.04328977689147,1.74922156333923,7.162775318311344,Western Europe
Lebanon,88.0,5.22499990463257,5.31888228848577,5.13111752077937,1.12962424755096,56.80706560134886,0.288515985012054,0.264450758695602,0.037513829767704,1.69507384300232,6.980994152093532,Middle East and North Africa
Portugal,89.0,5.19500017166138,5.28504173308611,5.10495861023665,1.36704301834106,61.50278889656068,0.498465299606323,0.0951027125120163,0.0158694516867399,1.10768270492554,7.182485305807948,Western Europe
Bosnia and Herzegovina,90.0,5.18200016021729,5.27633568674326,5.08766463369131,1.0693359375,54.49679783821104,0.204403176903725,0.328867495059967,0.0,1.89217257499695,6.891025531532799,Central and Eastern Europe
Honduras,91.0,5.18100023269653,5.30158279687166,5.0604176685214,1.14394497871399,45.020969409942644,0.348079860210419,0.236188873648643,0.0733454525470734,2.06581115722656,6.595197171354194,Latin America and Caribbean
North Macedonia,92.0,5.17500019073486,5.27217263966799,5.07782774180174,1.20789301395416,49.841595697402965,0.325905978679657,0.25376096367836,0.0602777935564518,1.6174693107605,6.971272594922906,Central and Eastern Europe
Somalia,93.0,5.15100002288818,5.24248370990157,5.0595163358748,0.721151351928711,8.809080516099904,0.602126955986023,0.291631311178207,0.282410323619843,3.11748456954956,3.1630748826772725,
Vietnam,94.0,5.07399988174438,5.14728076457977,5.000718998909,1.27749133110046,50.39961948394779,0.571055591106415,0.234968051314354,0.0876332372426987,1.46231865882874,6.671460092138239,Southeast Asia
Nigeria,95.0,5.07399988174438,5.20950013548136,4.93849962800741,1.21577048301697,4.398447632789611,0.394952565431595,0.230947196483612,0.0261215660721064,2.36539053916931,6.66537316778779,Sub-Saharan Africa
Tajikistan,96.0,5.04099988937378,5.11142559587956,4.970574182868,1.27146327495575,40.89929042816165,0.471566706895828,0.248997643589973,0.146377146244049,1.84904932975769,6.264756645180944,Commonwealth of Independent States
Bhutan,97.0,5.01100015640259,5.07933456212282,4.94266575068235,1.34012651443481,38.32155172348021,0.501537680625916,0.474054545164108,0.173380389809608,1.14018440246582,6.787186804666482,
Kyrgyzstan,98.0,5.00400018692017,5.08991990312934,4.91808047071099,1.39423859119415,42.77121851921083,0.454943388700485,0.42858037352562,0.0394391790032387,1.53672313690186,6.392285682119649,Commonwealth of Independent States
Nepal,99.0,4.96199989318848,5.06735607936978,4.85664370700717,1.17928326129913,38.95922673225404,0.440305948257446,0.394096165895462,0.0729755461215973,1.8912410736084,6.17549337872062,South Asia
Mongolia,100.0,4.95499992370605,5.0216795091331,4.88832033827901,1.4930112361908,43.10550767898557,0.394143968820572,0.338464230298996,0.0329022891819477,1.11129236221313,6.935599860935783,East Asia
South Africa,101.0,4.8289999961853,4.92943518772721,4.72856480464339,1.38478863239288,14.457547838687884,0.479246735572815,0.139362379908562,0.0725094974040985,1.51090860366821,6.961958106958353,Sub-Saharan Africa
Tunisia,102.0,4.80499982833862,4.88436700701714,4.72563264966011,0.868351459503174,47.389027147293106,0.289680689573288,0.0496933571994305,0.0867231488227844,1.89025115966797,6.915987110494589,Middle East and North Africa
State of Palestine,103.0,4.77500009536743,4.88184834256768,4.66815184816718,1.15564715862274,43.71474371910097,0.25471106171608,0.114173173904419,0.0892826020717621,1.8788902759552,6.575423377863758,Middle East and North Africa
Egypt,104.0,4.7350001335144,4.82513378962874,4.64486647740006,0.997471392154694,40.20007135391236,0.282110154628754,0.128631442785263,0.114381365478039,1.70216107368469,6.89841358844379,Middle East and North Africa
Bulgaria,105.0,4.71400022506714,4.80369470641017,4.62430574372411,1.43437945842743,54.73106234550475,0.289231717586517,0.113177694380283,0.0110515309497714,0.996139287948608,7.0582929440039495,Central and Eastern Europe
Sierra Leone,106.0,4.70900011062622,4.85064333498478,4.56735688626766,0.984136044979095,0.43004418119788035,0.318697690963745,0.293040901422501,0.0710951760411263,2.66845989227295,5.911936722133883,Sub-Saharan Africa
Cameroon,107.0,4.69500017166138,4.79654085725546,4.5934594860673,0.946018218994141,10.269902794361137,0.430388748645782,0.236298456788063,0.0513066314160824,2.3336455821991,6.337366054323635,Sub-Saharan Africa
Iran,108.0,4.69199991226196,4.79822470769286,4.58577511683106,0.711551249027252,49.40766880989075,0.249322608113289,0.387242913246155,0.048761073499918,1.49873495101929,7.054340072643765,Middle East and North Africa
Albania,109.0,4.64400005340576,4.75246400639415,4.53553610041738,0.803685247898102,56.504025220870965,0.381498634815216,0.201312944293022,0.0398642159998417,1.49044156074524,6.904944084590278,Central and Eastern Europe
Bangladesh,110.0,4.60799980163574,4.68982165828347,4.52617794498801,0.735131740570068,41.208867073059075,0.478356659412384,0.172255352139473,0.123717859387398,1.97873616218567,6.376187644834552,South Asia
Namibia,111.0,4.57399988174438,4.77035474091768,4.37764502257109,1.0984708070755,26.16792078495027,0.520303547382355,0.0771337449550629,0.0931469723582268,1.4818902015686,6.872578078524519,Sub-Saharan Africa
Kenya,112.0,4.55299997329712,4.65569159060717,4.45030835598707,1.06795072555542,23.95589966297148,0.452763766050339,0.444860309362411,0.0646413192152977,1.6519021987915,6.330575196745098,Sub-Saharan Africa
Mozambique,113.0,4.55000019073486,4.77410232633352,4.3258980551362,0.870701014995575,8.242254767417872,0.480791091918945,0.322228103876114,0.179436385631561,2.35565090179443,5.460885307326906,Sub-Saharan Africa
Myanmar,114.0,4.54500007629395,4.61473994642496,4.47526020616293,1.12323594093323,30.7205441093445,0.514492034912109,0.838075160980225,0.188816204667091,1.11529040336609,5.908383301760692,Southeast Asia
Senegal,115.0,4.53499984741211,4.6016037812829,4.46839591354132,1.17969191074371,31.635561246871966,0.377922266721725,0.183468893170357,0.115460447967052,1.78964614868164,6.174429693475823,Sub-Saharan Africa
Zambia,116.0,4.51399993896484,4.64410550147295,4.38389437645674,1.00318729877472,19.92555795192716,0.461603492498398,0.249580144882202,0.0782135501503944,1.82670545578003,6.457408037774254,Sub-Saharan Africa
Iraq,117.0,4.49700021743774,4.62259140968323,4.37140902519226,0.978613197803497,38.73122672080997,0.288555532693863,0.19963726401329,0.107215754687786,1.31890726089478,7.006432951013108,Middle East and North Africa
Gabon,118.0,4.46500015258789,4.5573617656529,4.37263853952289,1.1556202173233,27.556393318176287,0.312328577041626,0.0437853783369064,0.0760467872023582,1.32291626930237,7.089418485286291,Sub-Saharan Africa
Ethiopia,119.0,4.46000003814697,4.54272867664695,4.377271399647,0.86466920375824,27.311502199172967,0.408842742443085,0.312650740146637,0.165455713868141,2.01574373245239,5.829633161998374,Sub-Saharan Africa
Sri Lanka,120.0,4.44000005722046,4.55344719231129,4.32655292212963,1.25997638702393,48.31011071205139,0.561213254928589,0.490863561630249,0.0736539661884308,0.419389247894287,6.91854698289684,South Asia
Armenia,121.0,4.37599992752075,4.46673461228609,4.28526524275541,1.00748372077942,49.267887639999394,0.198303267359734,0.0834880918264389,0.0266744215041399,1.5214991569519,6.8041673445531305,Commonwealth of Independent States
India,122.0,4.31500005722046,4.37152201749384,4.25847809694707,0.754372596740723,35.195446228981055,0.469987004995346,0.231538489460945,0.0922268852591515,1.5191171169281,6.676102184171209,South Asia
Mauritania,123.0,4.29199981689453,4.37716361626983,4.20683601751924,1.2720308303833,22.051792330741876,0.0960980430245399,0.201870024204254,0.136957004666328,1.65163731575012,6.476137073735986,Sub-Saharan Africa
Congo (Brazzaville),124.0,4.29099988937378,4.41005350500345,4.17194627374411,0.832044363021851,22.407910494804373,0.435025870800018,0.120852127671242,0.0796181336045265,1.72413563728333,6.696990113941895,Sub-Saharan Africa
Georgia,125.0,4.28599977493286,4.37493396580219,4.19706558406353,0.57061493396759,50.19699068069457,0.309410035610199,0.0540088154375553,0.251666635274887,1.50013780593872,6.858158086686944,Commonwealth of Independent States
Congo (Kinshasa),126.0,4.28000020980835,4.35781083270907,4.20218958690763,1.22902345657349,14.79193488121032,0.235961347818375,0.246455833315849,0.0602413564920425,2.22495865821838,4.533699412799086,
Mali,127.0,4.19000005722046,4.26967071101069,4.11032940343022,1.28147339820862,13.088579306602444,0.306613743305206,0.183354198932648,0.104970246553421,1.66819095611572,6.167894813092484,Sub-Saharan Africa
Ivory Coast,128.0,4.17999982833862,4.27518256321549,4.08481709346175,0.904780030250549,3.759066873192789,0.447706192731857,0.201237469911575,0.130061775445938,1.84496426582336,6.403655189077806,Sub-Saharan Africa
Cambodia,129.0,4.16800022125244,4.27851781353354,4.05748262897134,1.00623834133148,33.21366145133975,0.633375823497772,0.385922968387604,0.0681059509515762,1.04294109344482,6.40152756226833,Southeast Asia
Sudan,130.0,4.13899993896484,4.34574716508389,3.9322527128458,1.21400856971741,22.482361264228842,0.0149958552792668,0.182317450642586,0.089847519993782,1.68706583976746,6.493022395651466,
Ghana,131.0,4.11999988555908,4.22270720854402,4.01729256257415,0.873664736747742,22.846883525848355,0.423026293516159,0.256923943758011,0.0253363698720932,1.57786750793457,6.504624680427656,Sub-Saharan Africa
Ukraine,132.0,4.09600019454956,4.18541010454297,4.00659028455615,1.39453756809235,44.505857419967676,0.122974775731564,0.270061463117599,0.0230294708162546,0.814382314682007,6.797551888184919,Commonwealth of Independent States
Uganda,133.0,4.08099985122681,4.19579996705055,3.96619973540306,1.12982773780823,16.818647840023047,0.443185955286026,0.325766056776047,0.057069718837738,1.526362657547,5.946547500447632,Sub-Saharan Africa
Burkina Faso,134.0,4.03200006484985,4.12405906438828,3.93994106531143,1.04328000545502,16.680444309711493,0.324367851018906,0.250864684581757,0.120328105986118,1.72721290588379,5.861434769766379,Sub-Saharan Africa
Niger,135.0,4.02799987792969,4.11194681972265,3.94405293613672,0.993025004863739,20.75006694316866,0.36365869641304,0.228673845529556,0.138572946190834,1.87398338317871,5.093292002341257,Sub-Saharan Africa
Malawi,136.0,3.97000002861023,4.07747881740332,3.86252123981714,0.512568831443787,24.35012300491336,0.466914653778076,0.287170469760895,0.0727116540074348,2.08178615570068,5.45720838589586,Sub-Saharan Africa
Chad,137.0,3.93600010871887,4.0347115239501,3.83728869348764,0.953855872154236,3.1788907814025857,0.16234202682972,0.216113850474358,0.0535818822681904,2.07123804092407,6.0845289966358855,Sub-Saharan Africa
Zimbabwe,138.0,3.875,3.97869964271784,3.77130035728216,1.08309590816498,15.205902900695785,0.336384207010269,0.189143493771553,0.0953753814101219,1.59797024726868,5.931838035520982,Sub-Saharan Africa
Lesotho,139.0,3.80800008773804,4.04434397548437,3.5716561999917,1.19009518623352,0.0,0.390661299228668,0.157497271895409,0.119094640016556,1.42983531951904,6.2577082899472005,Sub-Saharan Africa
Angola,140.0,3.79500007629395,3.95164193540812,3.63835821717978,1.10441195964813,3.8538504803180706,0.0,0.097926490008831,0.0697203353047371,1.61448240280151,6.7562672613754895,
Afghanistan,141.0,3.79399991035461,3.87366141527891,3.71433840543032,0.581543326377869,13.968111069202418,0.106179520487785,0.311870932579041,0.0611578300595284,2.15080118179321,5.997638493205121,South Asia
Botswana,142.0,3.76600003242493,3.87412266626954,3.65787739858031,1.22155499458313,26.410865764617927,0.505196332931519,0.0993484482169151,0.0985831990838051,0.3779137134552,7.023842793038616,Sub-Saharan Africa
Benin,143.0,3.65700006484985,3.74578355133533,3.56821657836437,0.435299843549728,16.22340672969816,0.425962775945663,0.207948461174965,0.0609290152788162,1.88563096523285,6.068623271791201,Sub-Saharan Africa
Madagascar,144.0,3.64400005340576,3.71431910589337,3.57368100091815,0.913020372390747,28.99725730419159,0.189196765422821,0.208732530474663,0.0672319754958153,1.58461260795593,5.726224404067381,Sub-Saharan Africa
Haiti,145.0,3.6029999256134,3.73471479773521,3.47128505349159,0.640449821949005,21.431376929283164,0.0303698573261499,0.489203780889511,0.0998721495270729,1.69716763496399,5.912449106889565,Latin America and Caribbean
Yemen,146.0,3.59299993515015,3.69275031983852,3.49324955046177,0.93538224697113,23.963053164482087,0.249463722109795,0.104125209152699,0.0567674227058887,1.34560060501099,6.384660440887348,Middle East and North Africa
South Sudan,147.0,3.59100008010864,3.72553858578205,3.45646157443523,0.601323127746582,12.634198379516569,0.147062435746193,0.285670816898346,0.116793513298035,1.87956738471985,5.987076498075629,
Liberia,148.0,3.53299999237061,3.65375626087189,3.41224372386932,0.872117936611176,17.76807824850083,0.332881182432175,0.26654988527298,0.0389482490718365,1.67328596115112,4.787839957551429,Sub-Saharan Africa
Guinea,149.0,3.50699996948242,3.58442812889814,3.4295718100667,0.791244685649872,15.00229987621309,0.348587512969971,0.264815092086792,0.110937617719173,1.55231189727783,5.503500307800517,Sub-Saharan Africa
Togo,150.0,3.49499988555908,3.59403811171651,3.39596165940166,0.431882530450821,19.096318345069914,0.38042613863945,0.196896150708199,0.0956650152802467,1.83722925186157,5.725037371758126,Sub-Saharan Africa
Rwanda,151.0,3.47099995613098,3.54303023353219,3.39896967872977,0.945707023143768,25.226109108924835,0.581843852996826,0.252756029367447,0.455220013856888,0.540061235427856,5.912815994673176,Sub-Saharan Africa
Syria,152.0,3.46199989318848,3.66366855680943,3.26033122956753,0.396102607250214,38.681216697692854,0.0815394446253777,0.493663728237152,0.151347130537033,1.06157350540161,6.656923335588686,
Tanzania,153.0,3.34899997711182,3.46142975538969,3.23657019883394,1.04198980331421,28.169277505874604,0.390017777681351,0.354256361722946,0.0660351067781448,0.621130466461182,6.238589972993229,Sub-Saharan Africa
Burundi,154.0,2.90499997138977,3.07469033300877,2.73530960977077,0.629793584346771,11.716481981277465,0.0599007532000542,0.204435184597969,0.0841479450464249,1.68302416801453,4.528532834061856,Sub-Saharan Africa
Central African Republic,155.0,2.69300007820129,2.86488426923752,2.52111588716507,0.0,1.450753166377541,0.270842045545578,0.280876487493515,0.0565650761127472,2.06600475311279,0.0,
Comoros,,,,,,,,,,,,Sub-Saharan Africa
Gambia,,,,,,,,,,,,Sub-Saharan Africa
Laos,,,,,,,,,,,,Southeast Asia
